{
  "H": 363,
  "noise_sigma": 0.028294654890294296,
  "lam": 0.0016039011379167672,
  "K": 256
}