{
  "score": 7979.969573983466,
  "mean_cost_per_step": 5.88767849600406,
  "hit_success_rate": 0.5,
  "hold_success_rate": 0.3,
  "mean_time_to_hit": 833.7,
  "mean_final_tip_dist": 1.4424477609585113,
  "mean_final_qvel_norm": 2.880923813466232,
  "mean_n_eff": 1.0349477997776553,
  "n_eval_episodes": 10
}