{
  "K": 256, 
  "H": 188,
  "noise_sigma": 0.1377430907163217,
  "lam": 0.003664275505990791
}