{
  "H": 202,
  "noise_sigma": 0.447691843951098,
  "lam": 0.22825095529582987,
  "K": 256
}