{
  "episode_hit_successes": [
    true,
    true,
    true,
    true,
    false,
    true,
    false,
    false,
    false,
    false
  ],
  "episode_hold_successes": [
    true,
    true,
    true,
    true,
    false,
    true,
    false,
    false,
    false,
    false
  ],
  "episode_times_to_hit": [
    235,
    240,
    722,
    239,
    1000,
    297,
    1000,
    1000,
    1000,
    1000
  ],
  "hit_success_rate": 0.5,
  "hold_success_rate": 0.5,
  "mean_cost_per_step": 4.977268894250211,
  "mean_final_qvel_norm": 1.4899004908266777,
  "mean_final_tip_dist": 1.0305558485018895,
  "mean_n_eff": 1.0003194095588972,
  "mean_time_to_hit": 673.3,
  "n_eval_episodes": 10,
  "score": 35459.5818586527
}