{
  "noise_sigma": 0.08067793819271145,
  "lam": 0.010370893371519639,
  "K": 512
}