{
  "H": 256,
  "noise_sigma": 0.05059689585117588,
  "lam": 0.0010000000000000002,
  "K": 512
}