{
  "score": 9121.503736598126,
  "mean_cost_per_step": 6.879104505804108,
  "hit_success_rate": 0.2,
  "hold_success_rate": 0.2,
  "mean_time_to_hit": 877.4,
  "mean_final_tip_dist": 1.921401909234185,
  "mean_final_qvel_norm": 3.4744441168902673,
  "n_eval_episodes": 10
}